,0
empty,792
plot,139
cryptocurrency,126
bitcoin,114
timeseries,110
python,70
graphicalrepresentation,69
simulation,65
acf,64
sentimentanalysis,58
datavisualization,57
autocorrelation,55
machinelearning,52
btc,46
randomforest,44
pacf,44
lstm,43
wordcloud,43
neuralnetwork,41
clustering,39
financial,39
blockchain,38
visualisation,38
twitter,36
ethereum,35
returns,34
teaching,34
hatespeech,33
formspring,33
antisocialonlinebehavior,33
hedging,33
bert,33
wikipediatalkpages,33
facebook,33
cyber-bullying,33
crix,32
webscraping,32
naturallanguageprocessing,30
json,29
sas,29
sentiment,28
beautifulsoup,28
visualization,28
cryptocurrencies,27
lda,27
autoregression,26
scraping,26
nlp,26
decisiontree,24
transformers,24
wordfrequency,23
deeplearning,23
webdata,22
topicmodelling,22
time-series,22
prediction,22
pca,21
lightgbm,21
covid-19,21
featureengineering,21
cluster-analysis,20
lle,20
distilbert,19
distance,19
preprocessing,19
textanalysis,19
forecasting,19
textmining,19
smart-contracts,19
stationarity,18
selenium,18
html,18
algorithm,17
rookley,17
finance,17
nus,17
classification,17
cryptocurrencyoptions,17
nft,17
arma,17
fe5225,17
hash,17
statepricedensity,17
neutralportfolio,16
riskneutraldensity,16
higherordergreeks,16
empirical,16
montecarlosimulation,16
latentdirichletallocation,16
supportvectormachine,16
greeks,16
estimation,16
deltahedging,16
charmadjusteddeltahedging,16
interactiveplots,16
realizedvolatility,16
analysis,15
stochasticprocess,15
portfolio,15
globalmarketindices,15
movingaverage,15
transactions,15
scatterplot,15
pricingkernel,15
cryptopunks,15
network,14
featureselection,14
sourcecode,14
descriptive-statistics,14
api,14
textblob,14
oop,14
rss,14
dendrogram,14
option,14
principal-components,14
historicaldensity,14
quantlet,14
dimensionalityreduction,13
numpy,13
process,13
sentimentclassification,13
svm,13
eigenvalues,13
correlation,12
technicalindicators,12
boxplot,12
dimensionreduction,12
vader,12
qlearning,12
stocktwits,12
stopwords,12
tradingbot,12
kde,12
hmm,12
database,12
density,12
,12
trading,12
data,11
xgboost,11
cryptooptions,11
bigquery,11
portfoliomanagement,11
fitting,11
policycontrol,11
newsarticles,11
logisticregression,11
holding_time,11
normal,11
garch,11
fintech,11
dataprocessing,11
neuralnetworks,11
dataanalysis,11
tradingvolume,11
bootstrap,11
crypto,11
solidity,11
rewards,11
volatility,10
umap,10
asset,10
webcrawling,10
ridgeregression,10
distribution,10
gan,10
sklearn,10
impliedvolatility,10
discrete,10
w2v,10
gaussian,10
euclidean,10
k-means,10
t-test,10
matplotlib,10
econometrics,10
reinforcementlearning,10
glove,10
pricing,10
black-scholes,10
stochastic-process,10
descriptive,10
plotting,9
fouriertransform,9
scipy,9
datamining,9
nonstationarity,9
collectible,9
narrativeeconomics,9
tail-risk,9
smartcontracts,9
bipowervolatility,9
thresholdjump,9
localvariationestimation,9
scam,9
tradingstrategy,9
stochastic,9
earlywarningindicator,9
toneanalysis,9
lasso,9
textualanalysis,9
grangercausality,9
currency,8
auc,8
mlp,8
creditcarddefault,8
complexanalysis,8
modelencoder,8
localpolynomialregression,8
localpolynomialestimation,8
bitcoinoption,8
parsing,8
fouriertransformation,8
exchange,8
speechanalysis,8
electionspeeches,8
tree,8
artmarket,8
turkishwordfrequency,8
turkishsentiment,8
realestate,8
games,8
sourcecodeclassification,8
randomwalk,8
scaling,8
binomial,8
communities,8
backtest,8
linearregression,8
smoothing,8
raredisasters,8
caviar,8
optimization,8
valueatrisk,8
tail-events,8
interdependence,8
regex,8
autoencoder,8
physicaldensity,7
p2plending,7
geopandas,7
influencer,7
factoranalysis,7
sarsa,7
histogramofwords,7
gensim,7
newssentiment,7
regulatory_complexity,7
hiddenmarkovmodel,7
stationary,7
socialnetwork,7
test,7
descending-gradients,7
networkautoregression,7
neural-network,7
stock,7
normaldistribution,7
picture,7
p2p,7
dl,7
greedyalgorithm,7
adjacencymatrix,7
rnd,7
ml,7
topicmodel,7
spatialanalysis,7
pdf/cdf,7
hd,7
centralnode,7
reductiontechniques,6
cp2p,6
index,6
arima,6
dax,6
linear,6
spectralclustering,6
attentionarchitecture,6
nonparametric,6
roberta,6
kernel,6
reddit,6
recurrenceplot,6
option-price,6
markowitz,6
enron,6
etherscan,6
energy,6
limitorderbook,6
abstract,6
hierarchicalclustering,6
naivebayes,6
normality,6
dailylogreturns,6
non-parametrictests,6
email,6
pareto,6
berlincitydata,5
foliummap,5
spatialmapping,5
explainableai,5
var,5
ftse100,5
chinesegdp,5
log-returns,5
macroeconomicindicators,5
topicmodels,5
rnn,5
dense,5
vcrix,5
googlemapgeocodingapi,5
ticker,5
covid19,5
heterogenousautoregression(har),5
standardization,5
transformation,5
counts,5
geospatialanalysis,5
shitcoin,5
ordinallogisticregression,5
supportvectormachines,5
realizedutilityfunction,5
geoplot,5
financialratios,5
abstractanalysis,5
graphtheory,5
sentimentweight,5
hierarchicalriskparity,5
gibbssampling,5
bayesian,5
price,5
trends,5
normal-distribution,5
filter,5
whitenoise,5
assetallocation,5
linearregressionmodel,5
dcs-t,5
borrowingrate,5
wilcoxonsignedranksumtest,5
high-dimensionalinference,5
stocks,4
rent,4
interpretability,4
deposit,4
advertisement,4
expats,4
housing,4
disasterprobaility,4
gru,4
berlin,4
k-nearestneighborclassifier,4
kaggle,4
adaptiveboosting,4
polarityscores,4
ar,4
deis,4
normalization,4
multivariate,4
japanesetext,4
naivebayesclassifier,4
gif,4
topicmodeling,4
ann,4
kalmanfilter,4
hierarchical,4
textdata,4
marketcapitalization,4
dataframe,4
sciencedirect,4
stateofthedapps,4
ols,4
kullback-leibler,4
localpolynomial,4
locpoly,4
importancesampling,4
autoregressivemodel,4
crudeoil,4
animation,4
merge,4
bankruptcyprediction,4
consolidation,4
down-and-in,4
t-sne,4
quantile,4
hdbscan,4
down-and-out,4
cluster,4
screeplot,4
testnet,4
crawler,4
autoregressive,4
code,4
decomposition,4
stock-price,4
fourier,4
put,4
call,4
algorand,4
mds,4
networkanalysis,4
non-metric-mds,4
multi-dimensional,4
map,4
pav,4
violators,4
elephanttrunkwiggling,4
datapreprocessing,4
crawling,4
evaluation,4
scraper,4
clusteranalysis,4
retaillogistics,4
routeoptimization,4
antcolonyoptimization,4
similarity,4
anova,4
shakespeare,4
up-and-in,4
globalminimumvariance,4
mse,4
googlemapdistancematrixapi,4
up-and-out,4
barrier-option,4
seasonality,4
sentimentfactor,4
xgb,4
moving-average,4
mean-variance,4
portfolioallocation,4
quantitativetrading,4
probabilitydensityfunction,3
clt,3
fraud,3
chi-squaretest,3
fittingelephant,3
uniform,3
doc2vec,3
heat-map,3
logisticregresion,3
word2vec,3
extremevaluetheory,3
regression,3
complexity-measure,3
fisherexacttest,3
proximity,3
data-drivencbrsystem,3
financialriskdetection,3
t-distribution,3
cochran'stest,3
prices,3
nfts,3
datacleaning,3
clusteringanalysis,3
causeinductionindiscrimination,3
stock-marketnews,3
automaticsentimentanalysis,3
tdistribution,3
moneylaundering,3
sz,3
faz,3
mcnemar'stest,3
ttest,3
datacollection,3
contour,3
histogram,3
proportionaloddsmodel,3
final,3
sentiments,3
eda,3
recurrentnetwork,3
seq2seq,3
spellcheck,3
lineardiscriminantanalysis,3
eulerdiscretization,3
gradientboosting,3
stochastics,3
case-basedreasoning,3
web,3
crpyto,3
lending,3
components,3
spectral,3
searchengineoptimisation,3
apple,3
decisionsupportsystem,3
particleswarmoptimization,3
discriminant-analysis,3
discrimination,3
quantinar,3
gridsearch,3
stockpriceforecast,3
spectral-decomposition,3
k-meansclustering,3
featureimportance,3
github,3
text,3
correspondence-analysis,3
svcj,3
hrp,3
interestrate,3
plotly,3
exchangerate,3
casinofairandloadeddicesimulationdata,3
hiddenmarkovmodel(hmm),3
secondstep,3
highfrequency,3
weather,3
linkage,3
chromosomes,3
hurstexponent,3
cumulativereturns,3
tasks,3
genetic,3
uav,3
scheduling,3
dynamictopicmodel,3
seo,3
explainablemachinelearning,3
train-test-split,3
hurst,3
predictability,3
probability,3
eigenvectors,3
predictionquality,3
graph,3
scikit-learn,3
tsne,3
timeseriesclassification,3
riskaversion,2
bollingerbands,2
baum-welch(em)algorithm,2
poisson,2
deals,2
acquisitions,2
hmmlearn,2
deribit,2
emhanomaly,2
multinomialhmm,2
efficientfrontier,2
fnn,2
economics,2
adaptiveparameters,2
bivariate,2
har,2
exponential,2
rv,2
realized,2
orderbooksize,2
partitioning,2
pearsonrho,2
pressrelease,2
dimensiuonreduction,2
frmcrypto,2
multilinearregression,2
multipleregression,2
kendalltau,2
spearmanrho,2
confidenceintervals,2
foilum,2
lime,2
linefit,2
explanation,2
explainability,2
anscombe'squartet,2
shapley,2
shap,2
spatial,2
bollingerbandswidth,2
worddistribution,2
adaptive-weights,2
standardscaler,2
speculation,2
noddingdoggy,2
snake,2
function,2
ast,2
community-detection,2
mergers&acquisitions,2
yieldcurves,2
mathematics,2
chromedriver,2
gap-coefficient,2
graph-clustering,2
overlapping-communities,2
noarbitrage,2
ivsurfaces,2
mergers,2
csi300,2
data-adjustment,2
holmtest,2
exponentialdistribution,2
muller-boxtransform,2
xijinping,2
regulationrisk,2
generate,2
dtm,2
nasdaqnews,2
coinmarketcap,2
weighted,2
uppercutoffpoint,2
complexcoordinateexpansion,2
drawinganimal,2
pregnantsharkwiggling,2
fivenumbersummary,2
png,2
3d,2
laufenburg,2
retro,2
binwidth,2
polarcoordinate,2
china,2
box-muller,2
jaccard,2
r-plots,2
atx,2
oilprice,2
literatureresearch,2
scopus,2
topic-modelling,2
proximitymeasure,2
binaryvariables,2
simplematching,2
19da,2
tanimoto,2
heatmap,2
distancemeasure,2
continuousvariables,2
euclidian,2
maximum,2
onlinejsondata,2
polarcoordinates,2
origin,2
lassoshrinkage,2
data-mining,2
contingency-table,2
electricitypriceforecasting,2
machinelearningmodels,2
statisticalmethods,2
datadecomposition,2
accuracy,2
coingecko,2
qqplot,2
corona,2
tft,2
downloader,2
concurrency,2
alphashape(a-shape),2
rmse,2
apicall,2
firststep,2
states,2
vectorspacemodel,2
retrieval,2
text-mining,2
unbiased,2
bias,2
variance,2
chi-square,2
parallel-coordinates-plot,2
projection,2
putin,2
ukraine,2
web-scraping,2
independence,2
sentiment-analysis,2
chi-square-test,2
maximum-likelihood,2
statistic,2
andrewscurves,2
descriptivemethods,2
quartic,2
epanechnikov,2
blackscholes,2
christmas,2
holidays,2
u,2
kruskal-wallistest,2
utilityfunction,2
tukey'shsdtest,2
blockchainmechanism,2
dataset,2
conditional,2
frequencies,2
dom,2
xpath,2
gaussianmixturemodel,2
currencyindex,2
csv,2
principalcomponents,2
pandas,2
comparision,2
ts,2
realdata,2
financialdata,2
random,2
random-number-generation,2
decision,2
selection,2
regularexpressions,2
patternmatching,2
news,2
upliftedhierarchicalriskparity,2
inverselambda,2
minvariance,2
word-movers-distance,2
euclidean-distance,2
montecarlooptionpricing,2
darrelduffie,2
choropleth,2
isolationforest,2
dropdown,2
principalcomponentsanalysis,2
rollingwindow,2
embeddings,2
polarity,2
montecarlo,2
dataadjustment,2
economy,2
datascience,2
nltk,2
summarystatistics,2
wikipedia,2
pricedata,2
dividends,2
european-option,2
linegraph,2
areachart,2
ldapreparation,2
regularexpression,2
kurtosis,2
webscraper,2
sentimentextraction,2
annualreports,2
adaptivesynthetic,2
syntheticminorityoversampling,2
outlierdetection,2
randomnaiveoversampling,2
ensembleclassifier,2
conditionalmean,2
predictions,2
conditionalexecution,2
mnist,2
while,2
for,2
looping,2
fashion,2
exploration,2
sampling,2
tail,2
cryptocollateral,2
least-squares,2
ljung-box,2
kpss,2
ltvratio,2
barchart,2
partial,2
derivative,2
aavev1,2
parser,2
distributionalcharacteristics,2
generation,2
qq-plot,2
omnibustest,2
kolmogorov-smirnovtest,2
sphere,2
swissroll,2
monte-carlo,2
shapiro-wilktest,2
fasttext,2
sifembedding,2
lillieforstest,2
wordembeddings,2
emergingmarkets,2
machinelearning(ml),2
samplesize,2
socialdata,2
laplacian,2
kmeans,2
noisycircles,2
scikitlearn,2
medianofmeans,2
gradientdescent,2
robust,2
normalapproximation,2
one-wayanova,2
levenetest,2
mannwhitneyutest,2
pairedt-test,2
two-wayanova,2
percentilepointfunction,2
survivalfunction,2
cumulativedistributionfunction,2
weibulldistribution,2
s,2
chi2-distribution,2
f-distribution,2
poissondistribution,2
binomialdistribution,2
bayesianstatistics,2
kaplan-meiercurve,2
logranktest,2
probplot,2
datavisualisation,2
oversampling,2
herfindahlhirschmanindex,2
posthoctest,2
ivsurface,2
giniindex,2
conditionaldensity,2
minimumvariance,2
riskbasedinvesting,2
collateralizedloan,2
optimisation,2
frm(financialriskmeter),2
nonstationary,1
random-walk,1
rollingstandarddeviation(std),1
adf-test,1
frequency,1
heckmancorrection,1
mask,1
factorial,1
rollingmedian-absolute-deviation(mad),1
varimax,1
rollingmedian,1
rollingmean,1
forecast,1
networkdegree,1
linz,1
trees,1
decisiontreecomparision,1
huberization,1
imagesegmentation,1
standardize,1
univariateanomalydetection,1
kernelsmoothing,1
fisherldaprojection,1
fisher,1
greeksletter,1
training,1
tensorflow,1
keras,1
computervision,1
dynamichedge,1
apparent-error-rate,1
variationalbayes,1
convergentcrossmapping,1
autocorrelationtest,1
silverman,1
likelihood,1
quantletgrading,1
quantlets,1
timesseries,1
gaussianmixturemodels,1
stochasticintegration,1
jointdistribution,1
shepard-kruskal,1
jumps,1
pdf,1
mean,1
performancemeasure,1
totalmarket,1
parameter,1
npca,1
values,1
dimension-reduction,1
multicoloredlines,1
posterior,1
eigenvalue-decomposition,1
inversebtcoption,1
parse,1
optionpricing,1
scrape,1
svd,1
factorial-decomposition,1
conditionaldistribution,1
google,1
dynamic,1
hestonmodel,1
itointegration,1
wienerprocess,1
approximation,1
asymptotic,1
collateralizedloans,1
options,1
textevaluation,1
yamldebugging,1
standard-normal,1
bernoulli,1
dummymodelperformancebenchmark,1
factor-loadings,1
factor,1
stochasticvolatilitymodel,1
tweets,1
aggregation,1
kernelmethod,1
mertonjumpdiffusion,1
stochasticvolatility,1
models,1
interestrates,1
oil,1
locpol,1
metrics,1
dataexploration,1
fit,1
creditscoring,1
adaboost,1
adacost,1
betabinomialdistribution,1
betaboost,1
taylorexpansion,1
pagerank,1
reputation,1
qnar,1
parsesourcecode,1
financialperformance,1
token,1
agglomerativeclustering,1
loading,1
recurrentneuralnetworks,1
elasticnet,1
randomforestregressor,1
dictionary-basedsentimentanalysis,1
cleaning,1
unsupervisedmachinelearning,1
grouped,1
table,1
mariano,1
diebold,1
dm,1
neural,1
sankeydiagram,1
beautifulsoap,1
huberized,1
weightedbollingerbandswidth,1
alphashape,1
additivemodel,1
convexhull,1
lsa,1
kmeansclustering,1
dictionary-based,1
lexicon-based,1
adf,1
augmenteddickey-fuller,1
unitroot,1
power,1
level,1
laplacians,1
networkx,1
movingnetwork,1
networkvisualization,1
coefficientanalysis,1
matrices,1
riskmeasure,1
volatilityofhourlyprice,1
logtransformation,1
plotlyanimation,1
weeklycapitalizations,1
coinselection,1
weeklytransformation,1
hourlyreturn,1
hourlyprice,1
macro-economicindex,1
benchmark,1
scoringfunction,1
asymmetricloss,1
headline,1
vecm,1
crpytocurrencies,1
prophet,1
swaps,1
ma,1
maximumlikelihood,1
cnn,1
bitcoinprice,1
binance,1
request,1
clusteringevaluation,1
silhouette-score,1
calinski-harabaz-score,1
manual,1
centroids,1
crawl,1
stockcomment,1
tieba,1
markov,1
sumofsquares,1
barplot,1
industries,1
sectors,1
temporal,1
turtle,1
draw,1
peppapig,1
fill,1
pen,1
fun,1
cointegration,1
entityidentification,1
lossfunction,1
frequency-domain,1
interactive,1
loadeddice,1
fairdice,1
casinodicesimulationdata,1
viterbialgorithm,1
forward-backwardalgorithm,1
forwardalgorithm,1
rw,1
firstdifference,1
wn,1
‘normal-distribution,1
simulation’,1
whitenose,1
pinknoise,1
3dplot,1
literatureinterpretation,1
datageneration,1
randomdata,1
overfitting,1
decisiontreeregression,1
bluenoise,1
time-domain,1
documentfrequency,1
tfidf,1
euclidean-norm,1
euclideandistancematrix,1
completelinkage,1
wardalgorithm,1
multivariatenormal,1
logit,1
crixanalysis,1
moebius,1
losses.,1
expectedshortfall,1
tailentropy,1
urllib2,1
extremereturns,1
dija,1
blockmaxima,1
log-return,1
highfrequencydata,1
yeareffect,1
proxy,1
paretoii,1
splom,1
scagnosticcoefficients,1
scagnostics,1
entropy,1
risk,1
sentence-vectors,1
dailyreturns,1
evolution,1
implied,1
newton-rapshon,1
von-newmann,1
varianceratiotest,1
emh,1
bartell,1
weekeffect,1
gev,1
gumbel,1
frechet,1
weibull,1
losses,1
initialweights,1
combinations,1
parametertuning,1
volatilityforecasting,1
crosscorrelation,1
nonparametricestimation,1
quadratickernel,1
crytocurrencies,1
litecoin,1
dogecoin,1
heteroskedasticity,1
stablecommunity,1
temporallouvain,1
transactiongraph,1
hill-estimator,1
illicitactivities,1
aml,1
elliptic,1
egarch,1
eth,1
exceedanceprobability,1
value-at-risk,1
linkedin,1
googlemapsapi,1
genderclassification,1
importpackage,1
timeseries(ts),1
pickle,1
delaunaytriangulation,1
optimal,1
window_size,1
export,1
architecture,1
results,1
excess,1
word-vectors,1
string,1
sitca,1
wgan,1
parrot,1
complexnumber,1
ffpmg,1
complexparameter,1
fouriercoordinateexpansion,1
spyder,1
fish,1
speech,1
attributes,1
joebidenspeech,1
positiveandnegative,1
wassersteinloss,1
investment,1
fund,1
shakingfaltfish,1
taipeimrt,1
passengerflow,1
folium,1
bike,1
openstreetmap,1
instantaneousinformation,1
opendatabase,1
youbike,1
predition,1
marketreturn,1
sentimentscores,1
googletrends,1
stockprice,1
yahoofinance,1
adjustedrandindex,1
nycu,1
relative-change,1
americanoptions,1
percentage-change,1
fmri,1
cutcost,1
normalizedcut,1
grouping,1
coinliquidation,1
lyrics,1
song,1
countrysong,1
adele-hello,1
cat,1
loversong,1
olsregression,1
xgbtrees,1
smooth-fit,1
nationalyangmingchiaotunguniversityhsinchu,1
variationalinequalities,1
seaborn,1
frauddetection,1
pfizer,1
taiwan50index,1
abrahamlincoln,1
sequenceselection,1
insolvency,1
classifier,1
credit,1
hjb,1
regulatoryrisk,1
regulation,1
taiwan,1
candles,1
interpolation,1
firmreport,1
closed,1
mapping,1
kerneldensityestimation,1
non-parametricmethod,1
distributionanalysis,1
webscrapping,1
startups,1
normaldistrubtion,1
conditionalvariance,1
operatingstatus,1
distributiongeneration,1
lexicon,1
geographicinformation,1
cutoff,1
outliner,1
industry,1
taipeimap,1
ubikestation,1
mannheim,1
funding,1
manhattan,1
founding,1
kexpectilesclustering,1
pc,1
radialbasisfunctions,1
stablecoin,1
intraday,1
activationfunction,1
hiddenlayer,1
adrl,1
manhattanmetric,1
euclidean-distance-matrix,1
facilitylocationselection,1
xinbeibike,1
opendata,1
scatter,1
cyberbullying,1
armaprocess,1
ljungboxtest,1
markovchains,1
univariate,1
textgeneration,1
geographicallyweightedregression,1
gwr,1
transitdata,1
timeseriesdata,1
tomfoolery,1
simplematchingcoefficient,1
tanimotoproximitycoefficient,1
jaccardproximitycoefficient,1
ubike,1
matching,1
outlier,1
randomnumbergeneration,1
l1-normpenalty,1
sinecurve,1
trigonometry,1
polar,1
2d,1
outliers,1
happyhippo,1
movinganimal,1
ldaanalysis,1
financenews,1
vietnamnews,1
web-scaping,1
tokenizing,1
lemmatizer,1
casefolding,1
datacenter,1
dirichlet,1
christmassong,1
transparency,1
research,1
reproducibility,1
metainfo.txt,1
directed,1
centrality,1
eigenvalue,1
eigenvector,1
stgallen,1
frankfurt,1
cir,1
wto,1
wine,1
hyperparameters,1
clusters,1
locallylinearembedings,1
interest-rate,1
vacine,1
short-rate,1
wto-imf,1
yield,1
termstructure,1
bluechips,1
jarque-bera-test,1
ukrainewar,1
brazil,1
skewness,1
statistics,1
simulatedarticles,1
wordannotation,1
additivecomposition,1
empiricalerror,1
multiplicativecomposition,1
ljung-boxtest,1
boxjenkinsanylsis,1
causality,1
vizualization,1
lagplot,1
additivedecomposition,1
ar1,1
viztech,1
properties,1
employment,1
assetreturns,1
predictivedistribution,1
conditionalprobability,1
generalisedcross-validation,1
deepneuralnetworks,1
cross-validation,1
nadaraya-watson,1
probabilityforecasting,1
orderedbinarychoice,1
wilcoxon,1
nonparametrics,1
significancetesting,1
artificialfeatures,1
riskmodeling,1
comments,1
wordmining,1
textclassification,1
selfattention,1
valuation,1
boosting,1
